sensor_name,source_address,timestamp,mean_rssi,count
A01,d94147cf12befe41bb40dd7957733c54442de7a9d45a75ec3c747856c4bdc129,2024-04-09T19:17:27Z,-66,2
A01,5e69a0bc9bd73c0b72642e2e0f4f99670b85e8fdf4616bc19fb1f8d63107bfe5,2024-04-09T19:17:27Z,-75,2
A01,05d29a432f4ff4c5f2e49e185334619d4365ef65370fcf9891bc7b1f8c0a68b6,2024-04-09T19:17:27Z,-78,2
A01,a6a0a285818a48c083c72c885283f1652208b3239f70e859f49067b36781acc6,2024-04-09T19:17:27Z,-75,1
A01,b3268f2d7ca90e7ea3ff549decbf484d478c3eaf28784a7bbfbd5aaee22d3a6a,2024-04-09T19:17:27Z,-78,2
A01,f6e4a5fce8432422779b9e68da551a19b24b749ddbd58735bd95334747258d66,2024-04-09T19:17:28Z,-76,2
A01,c419f59d5917e15bd08b3ac2bd37467e8ecc076d44fc138856f3c9178718e118,2024-04-09T19:17:28Z,-71,1
A01,14bb59b4ee06a8c1c27d72811d39d856ea9c98003ed1f563f9d3680cc1d9b63a,2024-04-09T19:17:29Z,-73,1
A01,fa37ab8e615eb19b7a2cdbcea288c51271da5f418e74d892597e9b0b6226f118,2024-04-09T19:17:29Z,-73,1
A01,a6a0a285818a48c083c72c885283f1652208b3239f70e859f49067b36781acc6,2024-04-09T19:17:29Z,-79,1
A01,77a691fd99f6aab6d3df8275a38f11d5b0c17d2a3bf31fbc00cd09846de6a8dd,2024-04-09T19:17:29Z,-73,2
A01,4231b032c132f88544dd3911db51c02ec1c5b69384263fbac31877f2ae76e76f,2024-04-09T19:17:29Z,-75.4,15
A01,22bfd77a8079ab42a42c3dbdea797fa7162d7729dfe454392c6c89fed5d56306,2024-04-09T19:17:29Z,-75,2
A01,ec1a957e646c6bec8a4b252ec986c7e5d299c5d783706560eaeee2971b8b63bc,2024-04-09T19:17:30Z,-70,2
A01,4231b032c132f88544dd3911db51c02ec1c5b69384263fbac31877f2ae76e76f,2024-04-09T19:17:30Z,-77.4444444444444,9
A01,c419f59d5917e15bd08b3ac2bd37467e8ecc076d44fc138856f3c9178718e118,2024-04-09T19:17:30Z,-67,1
A01,766cca1df63f1c570a62157404fd2a38314009b44afda455a94f2ad8fd277990,2024-04-09T19:17:30Z,-69,1
A01,4231b032c132f88544dd3911db51c02ec1c5b69384263fbac31877f2ae76e76f,2024-04-09T19:17:31Z,-76.3333333333333,9
A01,05d29a432f4ff4c5f2e49e185334619d4365ef65370fcf9891bc7b1f8c0a68b6,2024-04-09T19:17:31Z,-76,2
A01,c419f59d5917e15bd08b3ac2bd37467e8ecc076d44fc138856f3c9178718e118,2024-04-09T19:17:31Z,-73,1
A01,4231b032c132f88544dd3911db51c02ec1c5b69384263fbac31877f2ae76e76f,2024-04-09T19:17:32Z,-76.3333333333333,9
A01,679b286a55f596d8f0d7a15049be48ee27542f35406017cc2d53cc1dcc7712a2,2024-04-09T19:17:32Z,-73,2
A01,05d29a432f4ff4c5f2e49e185334619d4365ef65370fcf9891bc7b1f8c0a68b6,2024-04-09T19:17:33Z,-79,1
A01,92abca6b1e176435ebc549201556d41d7081f73d430a241efb5f76dd07195bab,2024-04-09T19:17:34Z,-71.6666666666667,3
A01,05d29a432f4ff4c5f2e49e185334619d4365ef65370fcf9891bc7b1f8c0a68b6,2024-04-09T19:17:34Z,-77,2
A01,df0635449d6405d2511ee9fca6e1187245965c98b6fcfd5713c2bfa5c6fbfcbb,2024-04-09T19:17:34Z,-77,1
A01,bf4bf2c767030c6d9f88b962d4446183e772bb5c53f6d48d127f426d0fa50d79,2024-04-09T19:17:35Z,-79,2
A01,3a99c3efd90da18310d9ea3f9168934ed8fa97e633dcc3ac986f8f351c0a5587,2024-04-09T19:17:36Z,-70,2
A01,4231b032c132f88544dd3911db51c02ec1c5b69384263fbac31877f2ae76e76f,2024-04-09T19:17:36Z,-77.2222222222222,9
A01,eda9a1bd00f0491a6252ebaeacba48f98762035a03a8ded5169fa6b70676e246,2024-04-09T19:17:36Z,-78,2
A01,4231b032c132f88544dd3911db51c02ec1c5b69384263fbac31877f2ae76e76f,2024-04-09T19:17:37Z,-76.7142857142857,7
A01,6193149ede91aeb133f89c7ff5b0422848d0362543ade0cbd91959f03efa1268,2024-04-09T19:17:37Z,-71,2
A01,4231b032c132f88544dd3911db51c02ec1c5b69384263fbac31877f2ae76e76f,2024-04-09T19:17:38Z,-77.2857142857143,7
A01,19d0abc9d7b2ec50fd0ec5701280efadf89ed67e4a4aeb704d93d5508020cab2,2024-04-09T19:17:38Z,-77,1
A01,013542593ed9866537811facac418d974d383dcb191e2edd6049e7cf7d64c602,2024-04-09T19:17:38Z,-70.3333333333333,3
A01,1e949d72b702ee38c56ed5d508adc383db2a2c647c5bdc37e188bc00c805f8c9,2024-04-09T19:17:39Z,-69,1
A01,ec1a957e646c6bec8a4b252ec986c7e5d299c5d783706560eaeee2971b8b63bc,2024-04-09T19:17:39Z,-79,1
A01,71d06516b25bd4ca1db9f7acd89bc3fe4e8bd5b166c048be2c64d157d9e7efa9,2024-04-09T19:17:41Z,-57,3
A01,839fd9acc88398dd984013bc7b3d1f37f392501ce2026079bd252f4215fa5f90,2024-04-09T19:17:41Z,-79,1
A01,4231b032c132f88544dd3911db51c02ec1c5b69384263fbac31877f2ae76e76f,2024-04-09T19:17:42Z,-78.1428571428571,7
A01,ccd224b980118642bfc5deb8dfbea39d0d2f12b8e139a48de829ea34e6adf3f5,2024-04-09T19:17:42Z,-71,2
A01,4231b032c132f88544dd3911db51c02ec1c5b69384263fbac31877f2ae76e76f,2024-04-09T19:17:43Z,-78.3333333333333,6
A01,b98d0d9ac1d3222aebeb8849db25e4aaaf0d04436c474e169827b7a3a4ceb39f,2024-04-09T19:17:43Z,-77,1
A01,1c457e675adc5361ee0ca521067912644a9563b39a43875684cbc3411a8b00c4,2024-04-09T19:17:43Z,-77,1
A01,4231b032c132f88544dd3911db51c02ec1c5b69384263fbac31877f2ae76e76f,2024-04-09T19:17:44Z,-77.8,10
A01,aa8804663cbf4772f6b1707a29e21f30063d2cdcdcb8c9bb0465afa409ae3c1f,2024-04-09T19:17:47Z,-73,1
A01,eeb5f2c4b9176a5df82fda358ea9ae8fc1a79bdef067ea6957c28017ba158e26,2024-04-09T19:17:47Z,-72.3333333333333,3
A01,839fd9acc88398dd984013bc7b3d1f37f392501ce2026079bd252f4215fa5f90,2024-04-09T19:17:48Z,-79,1
A01,eda9a1bd00f0491a6252ebaeacba48f98762035a03a8ded5169fa6b70676e246,2024-04-09T19:17:48Z,-77,2
A01,4231b032c132f88544dd3911db51c02ec1c5b69384263fbac31877f2ae76e76f,2024-04-09T19:17:48Z,-78.3333333333333,3
A01,4231b032c132f88544dd3911db51c02ec1c5b69384263fbac31877f2ae76e76f,2024-04-09T19:17:49Z,-77,6
A01,4231b032c132f88544dd3911db51c02ec1c5b69384263fbac31877f2ae76e76f,2024-04-09T19:17:50Z,-77,6
A01,05d29a432f4ff4c5f2e49e185334619d4365ef65370fcf9891bc7b1f8c0a68b6,2024-04-09T19:17:50Z,-79,1
A01,3a99c3efd90da18310d9ea3f9168934ed8fa97e633dcc3ac986f8f351c0a5587,2024-04-09T19:17:50Z,-73,1
A01,3a99c3efd90da18310d9ea3f9168934ed8fa97e633dcc3ac986f8f351c0a5587,2024-04-09T19:17:51Z,-75,1
A01,ec1a957e646c6bec8a4b252ec986c7e5d299c5d783706560eaeee2971b8b63bc,2024-04-09T19:17:51Z,-79,2
A01,9868049ca8d0ee1b50d336d15ae3cffc77a2d297085ef4f7c7e3693b4da3cead,2024-04-09T19:17:52Z,-68,2
A01,730de26539972d75bd981a0890aa6018370665bf25b3c92224481ecc78834549,2024-04-09T19:17:53Z,-78,2
A01,05d29a432f4ff4c5f2e49e185334619d4365ef65370fcf9891bc7b1f8c0a68b6,2024-04-09T19:17:53Z,-79,1
A01,05d29a432f4ff4c5f2e49e185334619d4365ef65370fcf9891bc7b1f8c0a68b6,2024-04-09T19:17:54Z,-79,2
A01,a0bc78981d5423d3c2098f4b74c34e34bf80e97d2cb1ad216e84d6e80fb68ddc,2024-04-09T19:17:54Z,-79,1
A01,4231b032c132f88544dd3911db51c02ec1c5b69384263fbac31877f2ae76e76f,2024-04-09T19:17:55Z,-77,10
A01,b195ed757b9f8bd1dd63f304c3db58cbf61343f5219bb0ee622fa546087beb6f,2024-04-09T19:17:55Z,-67,1
A01,dda76e387c977fdbbc65ebab3876e0f1227fb4c0e40f757cfc0870be320ac432,2024-04-09T19:17:55Z,-75,2
A01,af3839161069c46a7fd343a2e2b337d84976b2161f2c5538b1b473aed65dc6df,2024-04-09T19:17:55Z,-69,1
A01,4231b032c132f88544dd3911db51c02ec1c5b69384263fbac31877f2ae76e76f,2024-04-09T19:17:56Z,-77.2222222222222,9
A01,af3839161069c46a7fd343a2e2b337d84976b2161f2c5538b1b473aed65dc6df,2024-04-09T19:17:56Z,-75,1
A01,dda76e387c977fdbbc65ebab3876e0f1227fb4c0e40f757cfc0870be320ac432,2024-04-09T19:17:56Z,-77,1
A01,dda76e387c977fdbbc65ebab3876e0f1227fb4c0e40f757cfc0870be320ac432,2024-04-09T19:17:57Z,-74.6666666666667,6
A01,9f38039debeedbf09ff0bb0ee991d7a137339c17f20af31bf23a9072882ca8f9,2024-04-09T19:17:57Z,-72,2
A01,977a4722100f70a940bf713135125f15d58d93928c5cc2eba2497a365751a342,2024-04-09T19:17:58Z,-79,1
A01,697e638df60ef47285d7ef00185d2fd2ebd36c70868d2ae7f0b100f2fe86c04e,2024-04-09T19:17:58Z,-79,1
A01,5e34da5e8b89104ae07da09bd2524b3a0c0b9f2f9eb40d30e7005a28fb65d633,2024-04-09T19:17:58Z,-77,1
A01,dda76e387c977fdbbc65ebab3876e0f1227fb4c0e40f757cfc0870be320ac432,2024-04-09T19:17:59Z,-75,4
A01,4c7fdf3bde28620de109b34b27d215a959a20c76a2733927b49abff10defcadc,2024-04-09T19:17:59Z,-71,2
A01,01f37d672ab24e5b1efc9eb702b837b79ed01b5e16a8b956a258f48371d51cf6,2024-04-09T19:18:00Z,-74,2
A01,dda76e387c977fdbbc65ebab3876e0f1227fb4c0e40f757cfc0870be320ac432,2024-04-09T19:18:00Z,-75.5,4
A01,eda9a1bd00f0491a6252ebaeacba48f98762035a03a8ded5169fa6b70676e246,2024-04-09T19:18:00Z,-75,1
A01,4231b032c132f88544dd3911db51c02ec1c5b69384263fbac31877f2ae76e76f,2024-04-09T19:18:00Z,-79,1
A01,4c7fdf3bde28620de109b34b27d215a959a20c76a2733927b49abff10defcadc,2024-04-09T19:18:00Z,-70.2,10
A01,5e34da5e8b89104ae07da09bd2524b3a0c0b9f2f9eb40d30e7005a28fb65d633,2024-04-09T19:18:00Z,-61,1
A01,dda76e387c977fdbbc65ebab3876e0f1227fb4c0e40f757cfc0870be320ac432,2024-04-09T19:18:01Z,-75,5
A01,4c7fdf3bde28620de109b34b27d215a959a20c76a2733927b49abff10defcadc,2024-04-09T19:18:01Z,-65.75,8
A01,4f4e591b24ee949a2e570ed9cdb639d86af9a2309ff799823ab55da7fca70165,2024-04-09T19:18:01Z,-75,1
A01,dda76e387c977fdbbc65ebab3876e0f1227fb4c0e40f757cfc0870be320ac432,2024-04-09T19:18:02Z,-74.6666666666667,6
A01,dda76e387c977fdbbc65ebab3876e0f1227fb4c0e40f757cfc0870be320ac432,2024-04-09T19:18:03Z,-77.4,5
A01,4c7fdf3bde28620de109b34b27d215a959a20c76a2733927b49abff10defcadc,2024-04-09T19:18:04Z,-73,13
A01,dda76e387c977fdbbc65ebab3876e0f1227fb4c0e40f757cfc0870be320ac432,2024-04-09T19:18:04Z,-71,2
A01,dda76e387c977fdbbc65ebab3876e0f1227fb4c0e40f757cfc0870be320ac432,2024-04-09T19:18:05Z,-76,2
A01,3a99c3efd90da18310d9ea3f9168934ed8fa97e633dcc3ac986f8f351c0a5587,2024-04-09T19:18:05Z,-63,1
A01,3a99c3efd90da18310d9ea3f9168934ed8fa97e633dcc3ac986f8f351c0a5587,2024-04-09T19:18:06Z,-58,2
A01,dda76e387c977fdbbc65ebab3876e0f1227fb4c0e40f757cfc0870be320ac432,2024-04-09T19:18:06Z,-77,3
A01,22bfd77a8079ab42a42c3dbdea797fa7162d7729dfe454392c6c89fed5d56306,2024-04-09T19:18:07Z,-65.6666666666667,3
A01,dda76e387c977fdbbc65ebab3876e0f1227fb4c0e40f757cfc0870be320ac432,2024-04-09T19:18:07Z,-77,1
A01,4faf46ef408902770c1b58bc7c0edc8d20d920e97738fbbaca004ca082322d23,2024-04-09T19:18:08Z,-79,2
A01,dda76e387c977fdbbc65ebab3876e0f1227fb4c0e40f757cfc0870be320ac432,2024-04-09T19:18:08Z,-77,5
A01,2f6b15841505a07537c49abc0fa6bbbaf1e79700236297d0ca4b1e01f9449083,2024-04-09T19:18:08Z,-76,2
A01,697e638df60ef47285d7ef00185d2fd2ebd36c70868d2ae7f0b100f2fe86c04e,2024-04-09T19:18:08Z,-79,2
A01,dda76e387c977fdbbc65ebab3876e0f1227fb4c0e40f757cfc0870be320ac432,2024-04-09T19:18:09Z,-74.6,5
A01,2a5c888ebd93f56af4c72c3164563073f94c3e9ae07926bf148348c680e0311c,2024-04-09T19:18:09Z,-79,1
A01,9868049ca8d0ee1b50d336d15ae3cffc77a2d297085ef4f7c7e3693b4da3cead,2024-04-09T19:18:09Z,-73,1
A01,dda76e387c977fdbbc65ebab3876e0f1227fb4c0e40f757cfc0870be320ac432,2024-04-09T19:18:10Z,-74.7142857142857,7
A01,4faf46ef408902770c1b58bc7c0edc8d20d920e97738fbbaca004ca082322d23,2024-04-09T19:18:10Z,-79,2
A01,836ebc4a07d7ac0587750a74327f931dd16d4699242fe2b4adf02d80f45d2567,2024-04-09T19:18:10Z,-77,1
A01,dda76e387c977fdbbc65ebab3876e0f1227fb4c0e40f757cfc0870be320ac432,2024-04-09T19:18:11Z,-72,4
A01,dda76e387c977fdbbc65ebab3876e0f1227fb4c0e40f757cfc0870be320ac432,2024-04-09T19:18:12Z,-70.3333333333333,3
A01,2f2be7f752a5d72d317b60bf1b5d1af62142afb6cc0521d2df74e9f402126a0a,2024-04-09T19:18:12Z,-71,1
A01,dda76e387c977fdbbc65ebab3876e0f1227fb4c0e40f757cfc0870be320ac432,2024-04-09T19:18:13Z,-68,2
A01,4c7fdf3bde28620de109b34b27d215a959a20c76a2733927b49abff10defcadc,2024-04-09T19:18:13Z,-72,2
A01,4231b032c132f88544dd3911db51c02ec1c5b69384263fbac31877f2ae76e76f,2024-04-09T19:18:13Z,-68,2
A01,dda76e387c977fdbbc65ebab3876e0f1227fb4c0e40f757cfc0870be320ac432,2024-04-09T19:18:14Z,-68.3333333333333,6
A01,a3562ab4c2689059cd8885bd6c1a3257877843b5ff42a06c585b9cd7e089027b,2024-04-09T19:18:14Z,-79,1
A01,4231b032c132f88544dd3911db51c02ec1c5b69384263fbac31877f2ae76e76f,2024-04-09T19:18:14Z,-79,1
A01,836ebc4a07d7ac0587750a74327f931dd16d4699242fe2b4adf02d80f45d2567,2024-04-09T19:18:14Z,-57,1
A01,01f37d672ab24e5b1efc9eb702b837b79ed01b5e16a8b956a258f48371d51cf6,2024-04-09T19:18:15Z,-73,1
A01,dda76e387c977fdbbc65ebab3876e0f1227fb4c0e40f757cfc0870be320ac432,2024-04-09T19:18:16Z,-69,1
A01,c9e82aa85c8c63eb0b24953e8aea03532ea1d64edc60f22d2d2472f8db4c043e,2024-04-09T19:18:16Z,-69,1
A01,3a99c3efd90da18310d9ea3f9168934ed8fa97e633dcc3ac986f8f351c0a5587,2024-04-09T19:18:16Z,-73,3
A01,2f6b15841505a07537c49abc0fa6bbbaf1e79700236297d0ca4b1e01f9449083,2024-04-09T19:18:16Z,-65.6666666666667,3
A01,836ebc4a07d7ac0587750a74327f931dd16d4699242fe2b4adf02d80f45d2567,2024-04-09T19:18:16Z,-71,1
A01,3bf86c691e9284999030c6b0a44e48ac69ba3efe648ee7007e15f92b95c236ad,2024-04-09T19:18:17Z,-67,2
A01,dda76e387c977fdbbc65ebab3876e0f1227fb4c0e40f757cfc0870be320ac432,2024-04-09T19:18:17Z,-73,1
A01,4231b032c132f88544dd3911db51c02ec1c5b69384263fbac31877f2ae76e76f,2024-04-09T19:18:17Z,-77,2
A01,b7dde579aa64fc74b320c987678717013f76a6467e448f9ac9595b8df81f3c10,2024-04-09T19:18:18Z,-77,2
A01,3bf86c691e9284999030c6b0a44e48ac69ba3efe648ee7007e15f92b95c236ad,2024-04-09T19:18:18Z,-79,1
A01,3a99c3efd90da18310d9ea3f9168934ed8fa97e633dcc3ac986f8f351c0a5587,2024-04-09T19:18:18Z,-77,1
A01,dda76e387c977fdbbc65ebab3876e0f1227fb4c0e40f757cfc0870be320ac432,2024-04-09T19:18:18Z,-73.6666666666667,3
A01,3a99c3efd90da18310d9ea3f9168934ed8fa97e633dcc3ac986f8f351c0a5587,2024-04-09T19:18:19Z,-71,1
A01,b9daa40cfcf992826f635e2d0e5aa565ebe6ac2e0eb9fe0770311628bfd58347,2024-04-09T19:18:19Z,-67,1
A01,dda76e387c977fdbbc65ebab3876e0f1227fb4c0e40f757cfc0870be320ac432,2024-04-09T19:18:20Z,-63,1
A01,b9daa40cfcf992826f635e2d0e5aa565ebe6ac2e0eb9fe0770311628bfd58347,2024-04-09T19:18:20Z,-71,1
A01,c9e82aa85c8c63eb0b24953e8aea03532ea1d64edc60f22d2d2472f8db4c043e,2024-04-09T19:18:20Z,-65,1
A01,3a99c3efd90da18310d9ea3f9168934ed8fa97e633dcc3ac986f8f351c0a5587,2024-04-09T19:18:20Z,-75.8571428571429,7
A01,4231b032c132f88544dd3911db51c02ec1c5b69384263fbac31877f2ae76e76f,2024-04-09T19:18:20Z,-75,1
A01,c9e82aa85c8c63eb0b24953e8aea03532ea1d64edc60f22d2d2472f8db4c043e,2024-04-09T19:18:21Z,-67,9
A01,dda76e387c977fdbbc65ebab3876e0f1227fb4c0e40f757cfc0870be320ac432,2024-04-09T19:18:21Z,-65.4,5
A01,22bfd77a8079ab42a42c3dbdea797fa7162d7729dfe454392c6c89fed5d56306,2024-04-09T19:18:21Z,-76,2
A01,3a99c3efd90da18310d9ea3f9168934ed8fa97e633dcc3ac986f8f351c0a5587,2024-04-09T19:18:21Z,-75.5,16
A01,22bfd77a8079ab42a42c3dbdea797fa7162d7729dfe454392c6c89fed5d56306,2024-04-09T19:18:22Z,-77.6666666666667,6
A01,c9e82aa85c8c63eb0b24953e8aea03532ea1d64edc60f22d2d2472f8db4c043e,2024-04-09T19:18:22Z,-61.8,5
A01,3a99c3efd90da18310d9ea3f9168934ed8fa97e633dcc3ac986f8f351c0a5587,2024-04-09T19:18:22Z,-70.6923076923077,13
A01,dda76e387c977fdbbc65ebab3876e0f1227fb4c0e40f757cfc0870be320ac432,2024-04-09T19:18:22Z,-53,2
A01,c9e82aa85c8c63eb0b24953e8aea03532ea1d64edc60f22d2d2472f8db4c043e,2024-04-09T19:18:23Z,-58.3333333333333,6
A01,3a99c3efd90da18310d9ea3f9168934ed8fa97e633dcc3ac986f8f351c0a5587,2024-04-09T19:18:23Z,-76.0967741935484,31
A01,dda76e387c977fdbbc65ebab3876e0f1227fb4c0e40f757cfc0870be320ac432,2024-04-09T19:18:23Z,-61.8,5
A01,22bfd77a8079ab42a42c3dbdea797fa7162d7729dfe454392c6c89fed5d56306,2024-04-09T19:18:23Z,-77,1
A01,dda76e387c977fdbbc65ebab3876e0f1227fb4c0e40f757cfc0870be320ac432,2024-04-09T19:18:24Z,-57.2857142857143,7
A01,22bfd77a8079ab42a42c3dbdea797fa7162d7729dfe454392c6c89fed5d56306,2024-04-09T19:18:24Z,-76.5,4
A01,c9e82aa85c8c63eb0b24953e8aea03532ea1d64edc60f22d2d2472f8db4c043e,2024-04-09T19:18:24Z,-50.5,4
A01,22bfd77a8079ab42a42c3dbdea797fa7162d7729dfe454392c6c89fed5d56306,2024-04-09T19:18:25Z,-73,2
A01,dda76e387c977fdbbc65ebab3876e0f1227fb4c0e40f757cfc0870be320ac432,2024-04-09T19:18:25Z,-57,6
A01,d8dd6ff0ea18d82eed0d3ff2d44462933e4d7dbc7fc696b673c17e852ca118d4,2024-04-09T19:18:25Z,-75,1
A01,c9e82aa85c8c63eb0b24953e8aea03532ea1d64edc60f22d2d2472f8db4c043e,2024-04-09T19:18:25Z,-57,1
A01,dda76e387c977fdbbc65ebab3876e0f1227fb4c0e40f757cfc0870be320ac432,2024-04-09T19:18:26Z,-52.3333333333333,6
A01,4231b032c132f88544dd3911db51c02ec1c5b69384263fbac31877f2ae76e76f,2024-04-09T19:18:26Z,-71,1
A01,ac9c9ea334b0e7f8d086cc3da6f4b8b70341bad9f979374b16b800016430e78e,2024-04-09T19:18:26Z,-77,1
A01,3a99c3efd90da18310d9ea3f9168934ed8fa97e633dcc3ac986f8f351c0a5587,2024-04-09T19:18:26Z,-51,1
A01,22bfd77a8079ab42a42c3dbdea797fa7162d7729dfe454392c6c89fed5d56306,2024-04-09T19:18:26Z,-76,2
A01,dda76e387c977fdbbc65ebab3876e0f1227fb4c0e40f757cfc0870be320ac432,2024-04-09T19:18:27Z,-54.6,5
A01,0360295947e96968e24b720e4f6b2c4d96b695c02eafefc0f3d4cff4b42ef33d,2024-04-09T19:18:27Z,-79,2
A01,22bfd77a8079ab42a42c3dbdea797fa7162d7729dfe454392c6c89fed5d56306,2024-04-09T19:18:27Z,-75,1
A01,ac9c9ea334b0e7f8d086cc3da6f4b8b70341bad9f979374b16b800016430e78e,2024-04-09T19:18:28Z,-73,1
A01,4231b032c132f88544dd3911db51c02ec1c5b69384263fbac31877f2ae76e76f,2024-04-09T19:18:28Z,-74,2
A01,2f6b15841505a07537c49abc0fa6bbbaf1e79700236297d0ca4b1e01f9449083,2024-04-09T19:18:28Z,-59,2
A01,dda76e387c977fdbbc65ebab3876e0f1227fb4c0e40f757cfc0870be320ac432,2024-04-09T19:18:28Z,-60.6666666666667,6
A01,83ddada946aebb02d0d2f6cd53335e273a3d22d94897c2a1b845c130e367fd27,2024-04-09T19:18:29Z,-31,1
A01,bcd5a265a94e0f5d2617f0cf2264be00c9c912018a8559a73fa9c39329a83f54,2024-04-09T19:18:29Z,-75,4
A01,c9e82aa85c8c63eb0b24953e8aea03532ea1d64edc60f22d2d2472f8db4c043e,2024-04-09T19:18:29Z,-57.6666666666667,3
A01,dda76e387c977fdbbc65ebab3876e0f1227fb4c0e40f757cfc0870be320ac432,2024-04-09T19:18:29Z,-59,1
A01,6c28b09d1391689984f4966315319305cfdde5b14dbd817c93c907f82497737e,2024-04-09T19:18:30Z,-79,1
A01,792e37b0b55d7eef21a0b53c62c61d7ea57ba9c113ab7ed520144769beb70318,2024-04-09T19:18:30Z,-73,1
A01,dda76e387c977fdbbc65ebab3876e0f1227fb4c0e40f757cfc0870be320ac432,2024-04-09T19:18:30Z,-60.6666666666667,6
A01,ac9c9ea334b0e7f8d086cc3da6f4b8b70341bad9f979374b16b800016430e78e,2024-04-09T19:18:30Z,-77,1
A01,ac9c9ea334b0e7f8d086cc3da6f4b8b70341bad9f979374b16b800016430e78e,2024-04-09T19:18:31Z,-78,2
A01,4231b032c132f88544dd3911db51c02ec1c5b69384263fbac31877f2ae76e76f,2024-04-09T19:18:31Z,-72,4
A01,dda76e387c977fdbbc65ebab3876e0f1227fb4c0e40f757cfc0870be320ac432,2024-04-09T19:18:31Z,-59.6666666666667,6
A01,ff:ff:ff:ff:ff:ff,2024-04-09T19:18:31Z,-79,3
A01,6c28b09d1391689984f4966315319305cfdde5b14dbd817c93c907f82497737e,2024-04-09T19:18:31Z,-77.4,5
A01,ae3d8b443d0acc1f0544c3eb043ad8df6499af41d57a05130e3e3e97221e1878,2024-04-09T19:18:31Z,-77,1
A01,bab919e993364702c0bb69cf0d5543e32f01e6bf3124498d267ebb10a901941f,2024-04-09T19:18:31Z,-75,1
A01,f773bcd074613d7efb5bcdb2209fc52a194a535e32b64d03c2ad7d270342e496,2024-04-09T19:18:31Z,-75,1
A01,4231b032c132f88544dd3911db51c02ec1c5b69384263fbac31877f2ae76e76f,2024-04-09T19:18:32Z,-74.5,4
A01,ac9c9ea334b0e7f8d086cc3da6f4b8b70341bad9f979374b16b800016430e78e,2024-04-09T19:18:32Z,-72.3333333333333,3
A01,dda76e387c977fdbbc65ebab3876e0f1227fb4c0e40f757cfc0870be320ac432,2024-04-09T19:18:32Z,-57,1
A01,f773bcd074613d7efb5bcdb2209fc52a194a535e32b64d03c2ad7d270342e496,2024-04-09T19:18:32Z,-79,1
A01,36846ea72441b3816299fb0b38b93792c43ef906898d2febfdf678d1e6cffd7e,2024-04-09T19:18:32Z,-71,1
A01,6c28b09d1391689984f4966315319305cfdde5b14dbd817c93c907f82497737e,2024-04-09T19:18:32Z,-77,1
A01,c9e82aa85c8c63eb0b24953e8aea03532ea1d64edc60f22d2d2472f8db4c043e,2024-04-09T19:18:32Z,-55,2
A01,6c28b09d1391689984f4966315319305cfdde5b14dbd817c93c907f82497737e,2024-04-09T19:18:33Z,-76.7142857142857,7
A01,ac9c9ea334b0e7f8d086cc3da6f4b8b70341bad9f979374b16b800016430e78e,2024-04-09T19:18:33Z,-73.3333333333333,6
A01,dda76e387c977fdbbc65ebab3876e0f1227fb4c0e40f757cfc0870be320ac432,2024-04-09T19:18:33Z,-61,3
A01,0360295947e96968e24b720e4f6b2c4d96b695c02eafefc0f3d4cff4b42ef33d,2024-04-09T19:18:33Z,-72.2,10
A01,dda76e387c977fdbbc65ebab3876e0f1227fb4c0e40f757cfc0870be320ac432,2024-04-09T19:18:34Z,-57,2
A01,ff:ff:ff:ff:ff:ff,2024-04-09T19:18:34Z,-68,2
A01,ac9c9ea334b0e7f8d086cc3da6f4b8b70341bad9f979374b16b800016430e78e,2024-04-09T19:18:34Z,-70.5,8
A01,6c28b09d1391689984f4966315319305cfdde5b14dbd817c93c907f82497737e,2024-04-09T19:18:34Z,-74.7142857142857,14
A01,4231b032c132f88544dd3911db51c02ec1c5b69384263fbac31877f2ae76e76f,2024-04-09T19:18:34Z,-65.2857142857143,7
A01,c9e82aa85c8c63eb0b24953e8aea03532ea1d64edc60f22d2d2472f8db4c043e,2024-04-09T19:18:34Z,-61,4
A01,6c28b09d1391689984f4966315319305cfdde5b14dbd817c93c907f82497737e,2024-04-09T19:18:35Z,-74.8461538461539,13
A01,dda76e387c977fdbbc65ebab3876e0f1227fb4c0e40f757cfc0870be320ac432,2024-04-09T19:18:35Z,-50,2
A01,ff:ff:ff:ff:ff:ff,2024-04-09T19:18:35Z,-67,1
A01,1d6a2271f010f881d15e1049b3163a685809966d81b9189af226e6b45dcc5b04,2024-04-09T19:18:35Z,-77,1
A01,c9e82aa85c8c63eb0b24953e8aea03532ea1d64edc60f22d2d2472f8db4c043e,2024-04-09T19:18:35Z,-57,4
A01,ac9c9ea334b0e7f8d086cc3da6f4b8b70341bad9f979374b16b800016430e78e,2024-04-09T19:18:35Z,-73,2
A01,51a7c2e21e4598a928f0354120a7c5eabb9ff1a57d41423673852487cae5dd31,2024-04-09T19:18:35Z,-77,1
A01,c3a79d2d13e3e7f01b33b73dbcab2da72c57a79557581f38821bab3d4046a8ec,2024-04-09T19:18:35Z,-77,1
A01,2a85bd19b954b096a598f3641dafff1a5bf892e34b12c38d3a0f3e5a0569c6e1,2024-04-09T19:18:35Z,-65,1
A01,2a85bd19b954b096a598f3641dafff1a5bf892e34b12c38d3a0f3e5a0569c6e1,2024-04-09T19:18:36Z,-68.3333333333333,3
A01,0551fcdacd6503c13d4ff9cd4b5dc582248d80ed18dee49c1e292c2bef390698,2024-04-09T19:18:36Z,-78.2,5
A01,ecc8d72271c6b808784d96bed26f914ebb7a50fa2f68ce4800e20fb745a15727,2024-04-09T19:18:36Z,-79,2
A01,c9e82aa85c8c63eb0b24953e8aea03532ea1d64edc60f22d2d2472f8db4c043e,2024-04-09T19:18:36Z,-59,1
A01,22bfd77a8079ab42a42c3dbdea797fa7162d7729dfe454392c6c89fed5d56306,2024-04-09T19:18:36Z,-67,1
A01,ac9c9ea334b0e7f8d086cc3da6f4b8b70341bad9f979374b16b800016430e78e,2024-04-09T19:18:36Z,-65,2
A01,5e8dc32b06c7bf66b44eb6426c23daa1316a6b318ed907c4b0ee94dada4b6983,2024-04-09T19:18:36Z,-67.7692307692308,13
A01,5e8dc32b06c7bf66b44eb6426c23daa1316a6b318ed907c4b0ee94dada4b6983,2024-04-09T19:18:37Z,-68.0588235294118,17
A01,e79e71f7910374339a2be9c68f9092a0feaec8850a3e3315b3fc11ac43915c69,2024-04-09T19:18:37Z,-75,2
A01,6c28b09d1391689984f4966315319305cfdde5b14dbd817c93c907f82497737e,2024-04-09T19:18:37Z,-74.6,5
A01,22bfd77a8079ab42a42c3dbdea797fa7162d7729dfe454392c6c89fed5d56306,2024-04-09T19:18:37Z,-66.6,5
A01,ecc8d72271c6b808784d96bed26f914ebb7a50fa2f68ce4800e20fb745a15727,2024-04-09T19:18:37Z,-79,1
A01,ac9c9ea334b0e7f8d086cc3da6f4b8b70341bad9f979374b16b800016430e78e,2024-04-09T19:18:37Z,-68,8
A01,dda76e387c977fdbbc65ebab3876e0f1227fb4c0e40f757cfc0870be320ac432,2024-04-09T19:18:37Z,-49.6666666666667,3
A01,ff:ff:ff:ff:ff:ff,2024-04-09T19:18:37Z,-67,1
A01,0551fcdacd6503c13d4ff9cd4b5dc582248d80ed18dee49c1e292c2bef390698,2024-04-09T19:18:37Z,-78.3333333333333,3
A01,22bfd77a8079ab42a42c3dbdea797fa7162d7729dfe454392c6c89fed5d56306,2024-04-09T19:18:38Z,-70.6666666666667,6
A01,5e8dc32b06c7bf66b44eb6426c23daa1316a6b318ed907c4b0ee94dada4b6983,2024-04-09T19:18:38Z,-68,14
A01,6c28b09d1391689984f4966315319305cfdde5b14dbd817c93c907f82497737e,2024-04-09T19:18:38Z,-75,8
A01,ac9c9ea334b0e7f8d086cc3da6f4b8b70341bad9f979374b16b800016430e78e,2024-04-09T19:18:38Z,-68.3333333333333,3
A01,20da938fcce33d666d32f0559ed54f92b94c5c74290d8ec06cc534ee9941cdbe,2024-04-09T19:18:38Z,-77,1
A01,dda76e387c977fdbbc65ebab3876e0f1227fb4c0e40f757cfc0870be320ac432,2024-04-09T19:18:38Z,-47,3
A01,ff:ff:ff:ff:ff:ff,2024-04-09T19:18:38Z,-68,2
A01,22bfd77a8079ab42a42c3dbdea797fa7162d7729dfe454392c6c89fed5d56306,2024-04-09T19:18:39Z,-70.2,5
A01,6c28b09d1391689984f4966315319305cfdde5b14dbd817c93c907f82497737e,2024-04-09T19:18:39Z,-78.5,8
A01,5e8dc32b06c7bf66b44eb6426c23daa1316a6b318ed907c4b0ee94dada4b6983,2024-04-09T19:18:39Z,-68.6,5
A01,ecc8d72271c6b808784d96bed26f914ebb7a50fa2f68ce4800e20fb745a15727,2024-04-09T19:18:39Z,-79,1
A01,4231b032c132f88544dd3911db51c02ec1c5b69384263fbac31877f2ae76e76f,2024-04-09T19:18:39Z,-79,1
A01,0551fcdacd6503c13d4ff9cd4b5dc582248d80ed18dee49c1e292c2bef390698,2024-04-09T19:18:39Z,-77,3
A01,d8dd6ff0ea18d82eed0d3ff2d44462933e4d7dbc7fc696b673c17e852ca118d4,2024-04-09T19:18:39Z,-79,1
A01,dda76e387c977fdbbc65ebab3876e0f1227fb4c0e40f757cfc0870be320ac432,2024-04-09T19:18:39Z,-37,1
A01,ff:ff:ff:ff:ff:ff,2024-04-09T19:18:39Z,-67,1
A01,d2f97c3a650b495bb9b6f44ceade1b9cb48a150d77b5ef3e0b443e18237dba7a,2024-04-09T19:18:39Z,-77,1
A01,b36580cc56a2beb1960dd70f51707420a53bef57a86d778634602ae2e399b045,2024-04-09T19:18:39Z,-73,1
A01,6c28b09d1391689984f4966315319305cfdde5b14dbd817c93c907f82497737e,2024-04-09T19:18:40Z,-77.2857142857143,14
A01,ecc8d72271c6b808784d96bed26f914ebb7a50fa2f68ce4800e20fb745a15727,2024-04-09T19:18:40Z,-79,1
A01,c507316d9216a7d2101e3fa5b615ee3ad72e6a69f7c601a021b930cd45dcaaeb,2024-04-09T19:18:40Z,-68.8333333333333,12
A01,4231b032c132f88544dd3911db51c02ec1c5b69384263fbac31877f2ae76e76f,2024-04-09T19:18:40Z,-78,2
A01,20da938fcce33d666d32f0559ed54f92b94c5c74290d8ec06cc534ee9941cdbe,2024-04-09T19:18:40Z,-79,1
A01,22bfd77a8079ab42a42c3dbdea797fa7162d7729dfe454392c6c89fed5d56306,2024-04-09T19:18:40Z,-69,1
A01,ff:ff:ff:ff:ff:ff,2024-04-09T19:18:41Z,-71.5,12
A01,22bfd77a8079ab42a42c3dbdea797fa7162d7729dfe454392c6c89fed5d56306,2024-04-09T19:18:41Z,-66.4285714285714,14
A01,6c28b09d1391689984f4966315319305cfdde5b14dbd817c93c907f82497737e,2024-04-09T19:18:41Z,-75.8,5
A01,0551fcdacd6503c13d4ff9cd4b5dc582248d80ed18dee49c1e292c2bef390698,2024-04-09T19:18:41Z,-77,11
A01,4231b032c132f88544dd3911db51c02ec1c5b69384263fbac31877f2ae76e76f,2024-04-09T19:18:41Z,-79,1
A01,35e2b645781fceedde5db10b4c6415b62c2b652b64079c9d0f2b09c9fc0099ed,2024-04-09T19:18:41Z,-79,1
A01,ac9c9ea334b0e7f8d086cc3da6f4b8b70341bad9f979374b16b800016430e78e,2024-04-09T19:18:41Z,-70.2307692307692,13
A01,ac9c9ea334b0e7f8d086cc3da6f4b8b70341bad9f979374b16b800016430e78e,2024-04-09T19:18:42Z,-70.1181102362205,127
A01,f773bcd074613d7efb5bcdb2209fc52a194a535e32b64d03c2ad7d270342e496,2024-04-09T19:18:42Z,-77,1
A01,6c28b09d1391689984f4966315319305cfdde5b14dbd817c93c907f82497737e,2024-04-09T19:18:42Z,-76.6,10
A01,0551fcdacd6503c13d4ff9cd4b5dc582248d80ed18dee49c1e292c2bef390698,2024-04-09T19:18:42Z,-77.8,10
A01,4231b032c132f88544dd3911db51c02ec1c5b69384263fbac31877f2ae76e76f,2024-04-09T19:18:42Z,-75,1
A01,ac9c9ea334b0e7f8d086cc3da6f4b8b70341bad9f979374b16b800016430e78e,2024-04-09T19:18:43Z,-70.8992805755396,139
A01,d8dd6ff0ea18d82eed0d3ff2d44462933e4d7dbc7fc696b673c17e852ca118d4,2024-04-09T19:18:43Z,-68,2
A01,22bfd77a8079ab42a42c3dbdea797fa7162d7729dfe454392c6c89fed5d56306,2024-04-09T19:18:43Z,-75,4
A01,0551fcdacd6503c13d4ff9cd4b5dc582248d80ed18dee49c1e292c2bef390698,2024-04-09T19:18:43Z,-77.4444444444444,9
A01,6c28b09d1391689984f4966315319305cfdde5b14dbd817c93c907f82497737e,2024-04-09T19:18:43Z,-77,4
A01,4231b032c132f88544dd3911db51c02ec1c5b69384263fbac31877f2ae76e76f,2024-04-09T19:18:43Z,-77,2
A01,ac9c9ea334b0e7f8d086cc3da6f4b8b70341bad9f979374b16b800016430e78e,2024-04-09T19:18:44Z,-68.5421686746988,83
A01,22bfd77a8079ab42a42c3dbdea797fa7162d7729dfe454392c6c89fed5d56306,2024-04-09T19:18:44Z,-67,1
A01,0551fcdacd6503c13d4ff9cd4b5dc582248d80ed18dee49c1e292c2bef390698,2024-04-09T19:18:44Z,-79,3
A01,d8dd6ff0ea18d82eed0d3ff2d44462933e4d7dbc7fc696b673c17e852ca118d4,2024-04-09T19:18:44Z,-79,2
A01,6a057bfd7d9e1af2030c8b9ead0c01b02bb52fd2e4d7a292f018c3b6a2695629,2024-04-09T19:18:44Z,-77,1
A01,ff:ff:ff:ff:ff:ff,2024-04-09T19:18:44Z,-68.4285714285714,7
A01,dda76e387c977fdbbc65ebab3876e0f1227fb4c0e40f757cfc0870be320ac432,2024-04-09T19:18:44Z,-31,1
A01,01f37d672ab24e5b1efc9eb702b837b79ed01b5e16a8b956a258f48371d51cf6,2024-04-09T19:18:45Z,-39,3
A01,ecc8d72271c6b808784d96bed26f914ebb7a50fa2f68ce4800e20fb745a15727,2024-04-09T19:18:45Z,-79,2
A01,d8dd6ff0ea18d82eed0d3ff2d44462933e4d7dbc7fc696b673c17e852ca118d4,2024-04-09T19:18:45Z,-77.6666666666667,3
A01,22bfd77a8079ab42a42c3dbdea797fa7162d7729dfe454392c6c89fed5d56306,2024-04-09T19:18:45Z,-68.6363636363636,22
A01,c507316d9216a7d2101e3fa5b615ee3ad72e6a69f7c601a021b930cd45dcaaeb,2024-04-09T19:18:45Z,-73.5,4
A01,dda76e387c977fdbbc65ebab3876e0f1227fb4c0e40f757cfc0870be320ac432,2024-04-09T19:18:45Z,-31,1
A01,ff:ff:ff:ff:ff:ff,2024-04-09T19:18:45Z,-74.3333333333333,3
A01,22bfd77a8079ab42a42c3dbdea797fa7162d7729dfe454392c6c89fed5d56306,2024-04-09T19:18:46Z,-68.6842105263158,19
A01,4231b032c132f88544dd3911db51c02ec1c5b69384263fbac31877f2ae76e76f,2024-04-09T19:18:46Z,-69,7
A01,01f37d672ab24e5b1efc9eb702b837b79ed01b5e16a8b956a258f48371d51cf6,2024-04-09T19:18:46Z,-48.4285714285714,7
A01,ff:ff:ff:ff:ff:ff,2024-04-09T19:18:46Z,-72.7142857142857,7
A01,d135ee4f4162c074d25699fbe4b7388ed14c6ad99da4dcf389c7404244e1b966,2024-04-09T19:18:46Z,-70.4285714285714,7
A01,6c28b09d1391689984f4966315319305cfdde5b14dbd817c93c907f82497737e,2024-04-09T19:18:46Z,-77,3
A01,6c28b09d1391689984f4966315319305cfdde5b14dbd817c93c907f82497737e,2024-04-09T19:18:47Z,-76.6363636363636,11
A01,ac9c9ea334b0e7f8d086cc3da6f4b8b70341bad9f979374b16b800016430e78e,2024-04-09T19:18:47Z,-68.3333333333333,3
A01,22bfd77a8079ab42a42c3dbdea797fa7162d7729dfe454392c6c89fed5d56306,2024-04-09T19:18:47Z,-70.7142857142857,7
A01,ff:ff:ff:ff:ff:ff,2024-04-09T19:18:47Z,-68.6666666666667,6
A01,4231b032c132f88544dd3911db51c02ec1c5b69384263fbac31877f2ae76e76f,2024-04-09T19:18:47Z,-77,1
A01,ecc8d72271c6b808784d96bed26f914ebb7a50fa2f68ce4800e20fb745a15727,2024-04-09T19:18:47Z,-79,2
A01,2f6b15841505a07537c49abc0fa6bbbaf1e79700236297d0ca4b1e01f9449083,2024-04-09T19:18:48Z,-31,3
A01,22bfd77a8079ab42a42c3dbdea797fa7162d7729dfe454392c6c89fed5d56306,2024-04-09T19:18:48Z,-63,4
A01,1917ed78f544b0afa72f689a4b212f9de81f916b0084279f1c81df8cf7ba62c1,2024-04-09T19:18:48Z,-76.7142857142857,14
A01,91d781763ca3e70ed4eaa893de4e261afe273efb083b7781cdb484ac7b60a857,2024-04-09T19:18:48Z,-79,1
A01,ecc8d72271c6b808784d96bed26f914ebb7a50fa2f68ce4800e20fb745a15727,2024-04-09T19:18:48Z,-79,1
A01,22bfd77a8079ab42a42c3dbdea797fa7162d7729dfe454392c6c89fed5d56306,2024-04-09T19:18:49Z,-68.9259259259259,27
A01,4231b032c132f88544dd3911db51c02ec1c5b69384263fbac31877f2ae76e76f,2024-04-09T19:18:49Z,-79,1
A01,ecc8d72271c6b808784d96bed26f914ebb7a50fa2f68ce4800e20fb745a15727,2024-04-09T19:18:49Z,-79,1
A01,1917ed78f544b0afa72f689a4b212f9de81f916b0084279f1c81df8cf7ba62c1,2024-04-09T19:18:49Z,-77,1
A01,6c28b09d1391689984f4966315319305cfdde5b14dbd817c93c907f82497737e,2024-04-09T19:18:50Z,-77.2222222222222,9
A01,22bfd77a8079ab42a42c3dbdea797fa7162d7729dfe454392c6c89fed5d56306,2024-04-09T19:18:50Z,-69,1
A01,ac9c9ea334b0e7f8d086cc3da6f4b8b70341bad9f979374b16b800016430e78e,2024-04-09T19:18:50Z,-71.6666666666667,3
A01,51a7c2e21e4598a928f0354120a7c5eabb9ff1a57d41423673852487cae5dd31,2024-04-09T19:18:51Z,-71,1
A01,22bfd77a8079ab42a42c3dbdea797fa7162d7729dfe454392c6c89fed5d56306,2024-04-09T19:18:51Z,-67.4,5
A01,6c28b09d1391689984f4966315319305cfdde5b14dbd817c93c907f82497737e,2024-04-09T19:18:51Z,-79,3
A01,dda76e387c977fdbbc65ebab3876e0f1227fb4c0e40f757cfc0870be320ac432,2024-04-09T19:18:52Z,-31,2
A01,22bfd77a8079ab42a42c3dbdea797fa7162d7729dfe454392c6c89fed5d56306,2024-04-09T19:18:52Z,-68.3333333333333,3
A01,5e8dc32b06c7bf66b44eb6426c23daa1316a6b318ed907c4b0ee94dada4b6983,2024-04-09T19:18:52Z,-68.3333333333333,3
A01,dda76e387c977fdbbc65ebab3876e0f1227fb4c0e40f757cfc0870be320ac432,2024-04-09T19:18:53Z,-31,1
A01,5e8dc32b06c7bf66b44eb6426c23daa1316a6b318ed907c4b0ee94dada4b6983,2024-04-09T19:18:53Z,-71,1
A01,6c28b09d1391689984f4966315319305cfdde5b14dbd817c93c907f82497737e,2024-04-09T19:18:53Z,-78.3333333333333,15
A01,4231b032c132f88544dd3911db51c02ec1c5b69384263fbac31877f2ae76e76f,2024-04-09T19:18:53Z,-70,2
A01,35e2b645781fceedde5db10b4c6415b62c2b652b64079c9d0f2b09c9fc0099ed,2024-04-09T19:18:53Z,-75,1
A01,367e14cf6804dbf2922703b2dd44fc406516954435b8eff628341f08f4922430,2024-04-09T19:18:53Z,-76,2
A01,dda76e387c977fdbbc65ebab3876e0f1227fb4c0e40f757cfc0870be320ac432,2024-04-09T19:18:54Z,-31,3
A01,4231b032c132f88544dd3911db51c02ec1c5b69384263fbac31877f2ae76e76f,2024-04-09T19:18:54Z,-69.7179487179487,39
A01,2f6b15841505a07537c49abc0fa6bbbaf1e79700236297d0ca4b1e01f9449083,2024-04-09T19:18:54Z,-31,2
A01,6c28b09d1391689984f4966315319305cfdde5b14dbd817c93c907f82497737e,2024-04-09T19:18:54Z,-78.6,20
A01,22bfd77a8079ab42a42c3dbdea797fa7162d7729dfe454392c6c89fed5d56306,2024-04-09T19:18:54Z,-70.4358974358974,39
A01,c53c45cb8815aed2b1cc31e60a2e16bdabfd057ec0e532526c2bd0f24d417a00,2024-04-09T19:18:54Z,-71,1
A01,48333d5c9906aa0c58abb718e164be1f76605fbd7ed08cd7bd43fe03778aa934,2024-04-09T19:18:54Z,-69,1
A01,6c28b09d1391689984f4966315319305cfdde5b14dbd817c93c907f82497737e,2024-04-09T19:18:55Z,-77.4,5
A01,6c28b09d1391689984f4966315319305cfdde5b14dbd817c93c907f82497737e,2024-04-09T19:18:56Z,-77,4
A01,22bfd77a8079ab42a42c3dbdea797fa7162d7729dfe454392c6c89fed5d56306,2024-04-09T19:18:56Z,-71,1
A01,1917ed78f544b0afa72f689a4b212f9de81f916b0084279f1c81df8cf7ba62c1,2024-04-09T19:18:56Z,-76.8181818181818,11
A01,35e2b645781fceedde5db10b4c6415b62c2b652b64079c9d0f2b09c9fc0099ed,2024-04-09T19:18:56Z,-77,1
A01,d605e6d9b99d8a6def28e3b9a9606665000569b18954d1a965c33a695b0e0fb4,2024-04-09T19:18:56Z,-55,1
A01,ba1f6e61d352f6b70d7a5fa48c0aa16e90147aac583a662ce43879f1252ca3ec,2024-04-09T19:18:56Z,-77,1
A01,35e2b645781fceedde5db10b4c6415b62c2b652b64079c9d0f2b09c9fc0099ed,2024-04-09T19:18:57Z,-77,2
A01,01f37d672ab24e5b1efc9eb702b837b79ed01b5e16a8b956a258f48371d51cf6,2024-04-09T19:18:58Z,-41,3
A01,1917ed78f544b0afa72f689a4b212f9de81f916b0084279f1c81df8cf7ba62c1,2024-04-09T19:18:58Z,-74.1428571428572,7
A01,22bfd77a8079ab42a42c3dbdea797fa7162d7729dfe454392c6c89fed5d56306,2024-04-09T19:18:58Z,-69,1
A01,22bfd77a8079ab42a42c3dbdea797fa7162d7729dfe454392c6c89fed5d56306,2024-04-09T19:18:59Z,-70,2
A01,1917ed78f544b0afa72f689a4b212f9de81f916b0084279f1c81df8cf7ba62c1,2024-04-09T19:18:59Z,-77.5,12
A01,ae3d8b443d0acc1f0544c3eb043ad8df6499af41d57a05130e3e3e97221e1878,2024-04-09T19:19:00Z,-73,1
A01,22bfd77a8079ab42a42c3dbdea797fa7162d7729dfe454392c6c89fed5d56306,2024-04-09T19:19:00Z,-69.6666666666667,3
A01,6c28b09d1391689984f4966315319305cfdde5b14dbd817c93c907f82497737e,2024-04-09T19:19:01Z,-79,4
A01,22bfd77a8079ab42a42c3dbdea797fa7162d7729dfe454392c6c89fed5d56306,2024-04-09T19:19:01Z,-69,1
A01,20da938fcce33d666d32f0559ed54f92b94c5c74290d8ec06cc534ee9941cdbe,2024-04-09T19:19:02Z,-79,1
A01,ac9c9ea334b0e7f8d086cc3da6f4b8b70341bad9f979374b16b800016430e78e,2024-04-09T19:19:02Z,-71,1
A01,6c28b09d1391689984f4966315319305cfdde5b14dbd817c93c907f82497737e,2024-04-09T19:19:03Z,-73,1
A01,01f37d672ab24e5b1efc9eb702b837b79ed01b5e16a8b956a258f48371d51cf6,2024-04-09T19:19:03Z,-38.6,5
A01,1917ed78f544b0afa72f689a4b212f9de81f916b0084279f1c81df8cf7ba62c1,2024-04-09T19:19:03Z,-70.6666666666667,6
A01,4d7f68147b3936f93a3c57057c4ad075afb1e8f01b754d18c6ac4e24339e4a28,2024-04-09T19:19:03Z,-75,1
A01,ac9c9ea334b0e7f8d086cc3da6f4b8b70341bad9f979374b16b800016430e78e,2024-04-09T19:19:03Z,-73.4,5
A01,4467a178ccd2b3cdb9e36c88c054dbc7e944347a0cef8429c694b027e29bbd6c,2024-04-09T19:19:03Z,-75,1
A01,f773bcd074613d7efb5bcdb2209fc52a194a535e32b64d03c2ad7d270342e496,2024-04-09T19:19:03Z,-71,1
A01,ac9c9ea334b0e7f8d086cc3da6f4b8b70341bad9f979374b16b800016430e78e,2024-04-09T19:19:04Z,-72.1111111111111,9
A01,22bfd77a8079ab42a42c3dbdea797fa7162d7729dfe454392c6c89fed5d56306,2024-04-09T19:19:04Z,-68.1111111111111,9
A01,4d7f68147b3936f93a3c57057c4ad075afb1e8f01b754d18c6ac4e24339e4a28,2024-04-09T19:19:04Z,-69,2
A01,6c28b09d1391689984f4966315319305cfdde5b14dbd817c93c907f82497737e,2024-04-09T19:19:04Z,-78,2
A01,dda76e387c977fdbbc65ebab3876e0f1227fb4c0e40f757cfc0870be320ac432,2024-04-09T19:19:04Z,-61,1
A01,22bfd77a8079ab42a42c3dbdea797fa7162d7729dfe454392c6c89fed5d56306,2024-04-09T19:19:05Z,-64,4
A01,ba1f6e61d352f6b70d7a5fa48c0aa16e90147aac583a662ce43879f1252ca3ec,2024-04-09T19:19:05Z,-75,1
A01,a27677a7bb89aae3ff8c811868f0d2c518cdbd2965cc3b647a729120845dfd3a,2024-04-09T19:19:05Z,-31,2
A01,dda76e387c977fdbbc65ebab3876e0f1227fb4c0e40f757cfc0870be320ac432,2024-04-09T19:19:05Z,-31,1
A01,22bfd77a8079ab42a42c3dbdea797fa7162d7729dfe454392c6c89fed5d56306,2024-04-09T19:19:06Z,-65,3
A01,6c28b09d1391689984f4966315319305cfdde5b14dbd817c93c907f82497737e,2024-04-09T19:19:06Z,-79,1
A01,dda76e387c977fdbbc65ebab3876e0f1227fb4c0e40f757cfc0870be320ac432,2024-04-09T19:19:06Z,-31,2
A01,01f37d672ab24e5b1efc9eb702b837b79ed01b5e16a8b956a258f48371d51cf6,2024-04-09T19:19:06Z,-37.6666666666667,3
A01,c9e82aa85c8c63eb0b24953e8aea03532ea1d64edc60f22d2d2472f8db4c043e,2024-04-09T19:19:06Z,-31,1
A01,01f37d672ab24e5b1efc9eb702b837b79ed01b5e16a8b956a258f48371d51cf6,2024-04-09T19:19:07Z,-41,1
A01,35e2b645781fceedde5db10b4c6415b62c2b652b64079c9d0f2b09c9fc0099ed,2024-04-09T19:19:07Z,-71,1
A01,22bfd77a8079ab42a42c3dbdea797fa7162d7729dfe454392c6c89fed5d56306,2024-04-09T19:19:07Z,-68.3333333333333,3
A01,dda76e387c977fdbbc65ebab3876e0f1227fb4c0e40f757cfc0870be320ac432,2024-04-09T19:19:07Z,-31,2
A01,1917ed78f544b0afa72f689a4b212f9de81f916b0084279f1c81df8cf7ba62c1,2024-04-09T19:19:07Z,-77.3333333333333,18
A01,ba1f6e61d352f6b70d7a5fa48c0aa16e90147aac583a662ce43879f1252ca3ec,2024-04-09T19:19:07Z,-73,1
A01,2511fa546d1c419f171ae2af97afd472375085e59517d14ee8e9e377bb6a49f4,2024-04-09T19:19:07Z,-75,1
A01,1917ed78f544b0afa72f689a4b212f9de81f916b0084279f1c81df8cf7ba62c1,2024-04-09T19:19:08Z,-77.2909090909091,55
A01,2511fa546d1c419f171ae2af97afd472375085e59517d14ee8e9e377bb6a49f4,2024-04-09T19:19:08Z,-77,1
A01,a27677a7bb89aae3ff8c811868f0d2c518cdbd2965cc3b647a729120845dfd3a,2024-04-09T19:19:08Z,-31.5714285714286,7
A01,22bfd77a8079ab42a42c3dbdea797fa7162d7729dfe454392c6c89fed5d56306,2024-04-09T19:19:08Z,-68.4,10
A01,2f6b15841505a07537c49abc0fa6bbbaf1e79700236297d0ca4b1e01f9449083,2024-04-09T19:19:08Z,-31,1
A01,dda76e387c977fdbbc65ebab3876e0f1227fb4c0e40f757cfc0870be320ac432,2024-04-09T19:19:08Z,-31,1
A01,ba1f6e61d352f6b70d7a5fa48c0aa16e90147aac583a662ce43879f1252ca3ec,2024-04-09T19:19:08Z,-71,1
A01,6c28b09d1391689984f4966315319305cfdde5b14dbd817c93c907f82497737e,2024-04-09T19:19:08Z,-77,1
A01,22bfd77a8079ab42a42c3dbdea797fa7162d7729dfe454392c6c89fed5d56306,2024-04-09T19:19:09Z,-68.5,4
A01,6c28b09d1391689984f4966315319305cfdde5b14dbd817c93c907f82497737e,2024-04-09T19:19:09Z,-79,3
A01,a27677a7bb89aae3ff8c811868f0d2c518cdbd2965cc3b647a729120845dfd3a,2024-04-09T19:19:09Z,-31,7
A01,fdbab32253f3e2ab5ed9b5bcc84cee930134faf049869141bd24c3231a51bbba,2024-04-09T19:19:09Z,-75,1
A01,a27677a7bb89aae3ff8c811868f0d2c518cdbd2965cc3b647a729120845dfd3a,2024-04-09T19:19:10Z,-31,2
A01,22bfd77a8079ab42a42c3dbdea797fa7162d7729dfe454392c6c89fed5d56306,2024-04-09T19:19:10Z,-69,1
A01,4231b032c132f88544dd3911db51c02ec1c5b69384263fbac31877f2ae76e76f,2024-04-09T19:19:11Z,-66.25,16
A01,22bfd77a8079ab42a42c3dbdea797fa7162d7729dfe454392c6c89fed5d56306,2024-04-09T19:19:11Z,-65.4,5
A01,d8dd6ff0ea18d82eed0d3ff2d44462933e4d7dbc7fc696b673c17e852ca118d4,2024-04-09T19:19:11Z,-66.6363636363636,11
A01,a27677a7bb89aae3ff8c811868f0d2c518cdbd2965cc3b647a729120845dfd3a,2024-04-09T19:19:11Z,-31,3
A01,01f37d672ab24e5b1efc9eb702b837b79ed01b5e16a8b956a258f48371d51cf6,2024-04-09T19:19:11Z,-39,2
A01,01f37d672ab24e5b1efc9eb702b837b79ed01b5e16a8b956a258f48371d51cf6,2024-04-09T19:19:12Z,-41,4
A01,ba1f6e61d352f6b70d7a5fa48c0aa16e90147aac583a662ce43879f1252ca3ec,2024-04-09T19:19:12Z,-73,2
A01,4231b032c132f88544dd3911db51c02ec1c5b69384263fbac31877f2ae76e76f,2024-04-09T19:19:12Z,-67,1
A01,6c28b09d1391689984f4966315319305cfdde5b14dbd817c93c907f82497737e,2024-04-09T19:19:12Z,-79,2
A01,ba1f6e61d352f6b70d7a5fa48c0aa16e90147aac583a662ce43879f1252ca3ec,2024-04-09T19:19:13Z,-77,1
A01,01f37d672ab24e5b1efc9eb702b837b79ed01b5e16a8b956a258f48371d51cf6,2024-04-09T19:19:13Z,-42,6
A01,f5ac3e0ec561f322924bc231b340a70f96e8b593586bc6710d8c27bf44ff3ab0,2024-04-09T19:19:13Z,-72,4
A01,2f6b15841505a07537c49abc0fa6bbbaf1e79700236297d0ca4b1e01f9449083,2024-04-09T19:19:13Z,-31,1
A01,bc85b12557f662f2588c3cbfddd9d7a0f7cffc6883622f08ae26f9422d00dbc4,2024-04-09T19:19:14Z,-65.8,5
A01,2f6b15841505a07537c49abc0fa6bbbaf1e79700236297d0ca4b1e01f9449083,2024-04-09T19:19:14Z,-31,1
A01,5e8dc32b06c7bf66b44eb6426c23daa1316a6b318ed907c4b0ee94dada4b6983,2024-04-09T19:19:14Z,-69,1
A01,5e8dc32b06c7bf66b44eb6426c23daa1316a6b318ed907c4b0ee94dada4b6983,2024-04-09T19:19:15Z,-66.25,16
A01,ba1f6e61d352f6b70d7a5fa48c0aa16e90147aac583a662ce43879f1252ca3ec,2024-04-09T19:19:15Z,-75,1
A01,d8dd6ff0ea18d82eed0d3ff2d44462933e4d7dbc7fc696b673c17e852ca118d4,2024-04-09T19:19:15Z,-68.2,5
A01,22bfd77a8079ab42a42c3dbdea797fa7162d7729dfe454392c6c89fed5d56306,2024-04-09T19:19:16Z,-67.875,16
A01,4231b032c132f88544dd3911db51c02ec1c5b69384263fbac31877f2ae76e76f,2024-04-09T19:19:16Z,-65.8888888888889,9
A01,4231b032c132f88544dd3911db51c02ec1c5b69384263fbac31877f2ae76e76f,2024-04-09T19:19:17Z,-66.8888888888889,36
A01,22bfd77a8079ab42a42c3dbdea797fa7162d7729dfe454392c6c89fed5d56306,2024-04-09T19:19:17Z,-67.1333333333334,15
A01,ac9c9ea334b0e7f8d086cc3da6f4b8b70341bad9f979374b16b800016430e78e,2024-04-09T19:19:17Z,-72.4285714285714,7
A01,ba1f6e61d352f6b70d7a5fa48c0aa16e90147aac583a662ce43879f1252ca3ec,2024-04-09T19:19:17Z,-75,1
A01,bb882772e19725b55510ae8546547dca4629643d77afde3fc7480e9f13391fc7,2024-04-09T19:19:17Z,-78.6,5
A01,5e8dc32b06c7bf66b44eb6426c23daa1316a6b318ed907c4b0ee94dada4b6983,2024-04-09T19:19:17Z,-71,1
A01,c507316d9216a7d2101e3fa5b615ee3ad72e6a69f7c601a021b930cd45dcaaeb,2024-04-09T19:19:17Z,-71,2
A01,4231b032c132f88544dd3911db51c02ec1c5b69384263fbac31877f2ae76e76f,2024-04-09T19:19:18Z,-66.3846153846154,13
A01,22bfd77a8079ab42a42c3dbdea797fa7162d7729dfe454392c6c89fed5d56306,2024-04-09T19:19:18Z,-65.4,25
A01,ac9c9ea334b0e7f8d086cc3da6f4b8b70341bad9f979374b16b800016430e78e,2024-04-09T19:19:18Z,-74.2857142857143,14
A01,bb882772e19725b55510ae8546547dca4629643d77afde3fc7480e9f13391fc7,2024-04-09T19:19:18Z,-78,2
A01,bb882772e19725b55510ae8546547dca4629643d77afde3fc7480e9f13391fc7,2024-04-09T19:19:19Z,-76.8,20
A01,5e8dc32b06c7bf66b44eb6426c23daa1316a6b318ed907c4b0ee94dada4b6983,2024-04-09T19:19:19Z,-69,1
A01,baafa333d03a6de6569dc4775e4e3c2ed805147d77febd9e80bff81b720472ba,2024-04-09T19:19:19Z,-74.8,10
A01,2f6b15841505a07537c49abc0fa6bbbaf1e79700236297d0ca4b1e01f9449083,2024-04-09T19:19:19Z,-31,1
A01,c507316d9216a7d2101e3fa5b615ee3ad72e6a69f7c601a021b930cd45dcaaeb,2024-04-09T19:19:19Z,-75,1
A01,bb882772e19725b55510ae8546547dca4629643d77afde3fc7480e9f13391fc7,2024-04-09T19:19:20Z,-77,2
A01,ae3d8b443d0acc1f0544c3eb043ad8df6499af41d57a05130e3e3e97221e1878,2024-04-09T19:19:20Z,-75,1
A01,0365da99284fa88620debd3512867addab6f4ab699d1fbca76eeeab2c114c3b4,2024-04-09T19:19:20Z,-46.1111111111111,9
A01,4231b032c132f88544dd3911db51c02ec1c5b69384263fbac31877f2ae76e76f,2024-04-09T19:19:20Z,-64.125,16
A01,ff:ff:ff:ff:ff:ff,2024-04-09T19:19:20Z,-73,5
A01,22bfd77a8079ab42a42c3dbdea797fa7162d7729dfe454392c6c89fed5d56306,2024-04-09T19:19:20Z,-62.4285714285714,7
A01,4231b032c132f88544dd3911db51c02ec1c5b69384263fbac31877f2ae76e76f,2024-04-09T19:19:21Z,-66.7222222222222,36
A01,22bfd77a8079ab42a42c3dbdea797fa7162d7729dfe454392c6c89fed5d56306,2024-04-09T19:19:21Z,-65.875,16
A01,bb882772e19725b55510ae8546547dca4629643d77afde3fc7480e9f13391fc7,2024-04-09T19:19:21Z,-78.6666666666667,6
A01,0360295947e96968e24b720e4f6b2c4d96b695c02eafefc0f3d4cff4b42ef33d,2024-04-09T19:19:21Z,-73.8571428571429,7
A01,d8dd6ff0ea18d82eed0d3ff2d44462933e4d7dbc7fc696b673c17e852ca118d4,2024-04-09T19:19:21Z,-67.6666666666667,3
A01,ac9c9ea334b0e7f8d086cc3da6f4b8b70341bad9f979374b16b800016430e78e,2024-04-09T19:19:21Z,-74,2
A01,22bfd77a8079ab42a42c3dbdea797fa7162d7729dfe454392c6c89fed5d56306,2024-04-09T19:19:22Z,-68.2413793103448,29
A01,bb882772e19725b55510ae8546547dca4629643d77afde3fc7480e9f13391fc7,2024-04-09T19:19:22Z,-79,2
A01,43709c354df5e35b3e24011ba30e170bbe47a729b1b283f4f5af7c2405a220b2,2024-04-09T19:19:22Z,-51,1
A01,43709c354df5e35b3e24011ba30e170bbe47a729b1b283f4f5af7c2405a220b2,2024-04-09T19:19:23Z,-55,1
A01,22bfd77a8079ab42a42c3dbdea797fa7162d7729dfe454392c6c89fed5d56306,2024-04-09T19:19:23Z,-67.5714285714286,28
A01,ac9c9ea334b0e7f8d086cc3da6f4b8b70341bad9f979374b16b800016430e78e,2024-04-09T19:19:23Z,-75,1
A01,22bfd77a8079ab42a42c3dbdea797fa7162d7729dfe454392c6c89fed5d56306,2024-04-09T19:19:24Z,-66.125,16
A01,6c28b09d1391689984f4966315319305cfdde5b14dbd817c93c907f82497737e,2024-04-09T19:19:24Z,-75.5714285714286,14
A01,ac9c9ea334b0e7f8d086cc3da6f4b8b70341bad9f979374b16b800016430e78e,2024-04-09T19:19:24Z,-73,2
A01,bb882772e19725b55510ae8546547dca4629643d77afde3fc7480e9f13391fc7,2024-04-09T19:19:24Z,-79,1
A01,6c28b09d1391689984f4966315319305cfdde5b14dbd817c93c907f82497737e,2024-04-09T19:19:25Z,-71,1
A01,22bfd77a8079ab42a42c3dbdea797fa7162d7729dfe454392c6c89fed5d56306,2024-04-09T19:19:25Z,-63,1
A01,bb882772e19725b55510ae8546547dca4629643d77afde3fc7480e9f13391fc7,2024-04-09T19:19:25Z,-77,1
A01,01f37d672ab24e5b1efc9eb702b837b79ed01b5e16a8b956a258f48371d51cf6,2024-04-09T19:19:25Z,-42,2
A01,01f37d672ab24e5b1efc9eb702b837b79ed01b5e16a8b956a258f48371d51cf6,2024-04-09T19:19:26Z,-42.2,5
A01,ba1f6e61d352f6b70d7a5fa48c0aa16e90147aac583a662ce43879f1252ca3ec,2024-04-09T19:19:26Z,-77,1
A01,22bfd77a8079ab42a42c3dbdea797fa7162d7729dfe454392c6c89fed5d56306,2024-04-09T19:19:26Z,-70,2
A01,6c28b09d1391689984f4966315319305cfdde5b14dbd817c93c907f82497737e,2024-04-09T19:19:26Z,-79,1
A01,01f37d672ab24e5b1efc9eb702b837b79ed01b5e16a8b956a258f48371d51cf6,2024-04-09T19:19:27Z,-43,1
A01,bb882772e19725b55510ae8546547dca4629643d77afde3fc7480e9f13391fc7,2024-04-09T19:19:27Z,-76.1666666666667,12
A01,ac9c9ea334b0e7f8d086cc3da6f4b8b70341bad9f979374b16b800016430e78e,2024-04-09T19:19:27Z,-70,2
A01,6c28b09d1391689984f4966315319305cfdde5b14dbd817c93c907f82497737e,2024-04-09T19:19:27Z,-78,2
A01,2f6b15841505a07537c49abc0fa6bbbaf1e79700236297d0ca4b1e01f9449083,2024-04-09T19:19:27Z,-31,2
A01,bb882772e19725b55510ae8546547dca4629643d77afde3fc7480e9f13391fc7,2024-04-09T19:19:28Z,-77.6666666666667,3
A01,e64496736594811b38188f30d88abed81c718b05e83904f108ee2640fbae7621,2024-04-09T19:19:29Z,-43,5
A01,ac9c9ea334b0e7f8d086cc3da6f4b8b70341bad9f979374b16b800016430e78e,2024-04-09T19:19:29Z,-73,1
A01,ac9c9ea334b0e7f8d086cc3da6f4b8b70341bad9f979374b16b800016430e78e,2024-04-09T19:19:30Z,-65,4
A01,29c78117fa5ee6bb1deed6d5db8d19f6579e9f2079569c3d41eda9bbe9432d3a,2024-04-09T19:19:30Z,-79,1
A01,fc3add771d42016368ae523bc091565b3ef50cd1e896f5fc129646572a477739,2024-04-09T19:19:31Z,-79,1
A01,29c78117fa5ee6bb1deed6d5db8d19f6579e9f2079569c3d41eda9bbe9432d3a,2024-04-09T19:19:31Z,-75,1
A01,ac9c9ea334b0e7f8d086cc3da6f4b8b70341bad9f979374b16b800016430e78e,2024-04-09T19:19:31Z,-71,2
A01,d3c987f314b20f02298976b56f95e808aaa0ee17260e8383498481947911f623,2024-04-09T19:19:34Z,-52.2,5
A01,01f37d672ab24e5b1efc9eb702b837b79ed01b5e16a8b956a258f48371d51cf6,2024-04-09T19:19:35Z,-42.3333333333333,3
A01,01f37d672ab24e5b1efc9eb702b837b79ed01b5e16a8b956a258f48371d51cf6,2024-04-09T19:19:36Z,-43,3
A01,b8a1ffd1994eca14e85af071be90c4e06af9456b3e7930706766181996f430f2,2024-04-09T19:19:36Z,-79,2
A01,ba1f6e61d352f6b70d7a5fa48c0aa16e90147aac583a662ce43879f1252ca3ec,2024-04-09T19:19:36Z,-73,1
A01,20da938fcce33d666d32f0559ed54f92b94c5c74290d8ec06cc534ee9941cdbe,2024-04-09T19:19:38Z,-75,1
A01,7a462ce59f63e1cfa7dd6c46141c4b9a3d95354b9c0aff8ce2220b9be1ab94ed,2024-04-09T19:19:38Z,-54,2
A01,7a462ce59f63e1cfa7dd6c46141c4b9a3d95354b9c0aff8ce2220b9be1ab94ed,2024-04-09T19:19:39Z,-44,4
A01,42d1231e53cc32ff6aed03941750135edfaf1f84bebd785e0db03ec14fe871ac,2024-04-09T19:19:39Z,-75,2
A01,2f6b15841505a07537c49abc0fa6bbbaf1e79700236297d0ca4b1e01f9449083,2024-04-09T19:19:39Z,-33,2
A01,ae3d8b443d0acc1f0544c3eb043ad8df6499af41d57a05130e3e3e97221e1878,2024-04-09T19:19:40Z,-77,1
A01,ba1f6e61d352f6b70d7a5fa48c0aa16e90147aac583a662ce43879f1252ca3ec,2024-04-09T19:19:41Z,-77,1
A01,4231b032c132f88544dd3911db51c02ec1c5b69384263fbac31877f2ae76e76f,2024-04-09T19:19:41Z,-73,6
A01,4d126536d0984fafc721ba57f6c59a45f282f51b990f5468c8e850a9a522d86e,2024-04-09T19:19:44Z,-77.6666666666667,3
A01,bcd5a265a94e0f5d2617f0cf2264be00c9c912018a8559a73fa9c39329a83f54,2024-04-09T19:19:45Z,-57.2857142857143,7
A01,d8dd6ff0ea18d82eed0d3ff2d44462933e4d7dbc7fc696b673c17e852ca118d4,2024-04-09T19:19:45Z,-75,1
A01,f312ca83aefcf38dc2c20aca62b2cd3f20069d68da40cff8a430dc2743bfafcf,2024-04-09T19:19:45Z,-77,1
A01,01f37d672ab24e5b1efc9eb702b837b79ed01b5e16a8b956a258f48371d51cf6,2024-04-09T19:19:45Z,-39,2
A01,01f37d672ab24e5b1efc9eb702b837b79ed01b5e16a8b956a258f48371d51cf6,2024-04-09T19:19:46Z,-40.3333333333333,3
A01,dda76e387c977fdbbc65ebab3876e0f1227fb4c0e40f757cfc0870be320ac432,2024-04-09T19:19:46Z,-33,2
A01,792e37b0b55d7eef21a0b53c62c61d7ea57ba9c113ab7ed520144769beb70318,2024-04-09T19:19:46Z,-79,1
A01,ac9c9ea334b0e7f8d086cc3da6f4b8b70341bad9f979374b16b800016430e78e,2024-04-09T19:19:47Z,-70.2615384615385,65
A01,dda76e387c977fdbbc65ebab3876e0f1227fb4c0e40f757cfc0870be320ac432,2024-04-09T19:19:47Z,-33,1
A01,ac9c9ea334b0e7f8d086cc3da6f4b8b70341bad9f979374b16b800016430e78e,2024-04-09T19:19:48Z,-71.0833333333333,24
A01,ba1f6e61d352f6b70d7a5fa48c0aa16e90147aac583a662ce43879f1252ca3ec,2024-04-09T19:19:48Z,-77,1
A01,f773bcd074613d7efb5bcdb2209fc52a194a535e32b64d03c2ad7d270342e496,2024-04-09T19:19:48Z,-78.6,5
A01,dda76e387c977fdbbc65ebab3876e0f1227fb4c0e40f757cfc0870be320ac432,2024-04-09T19:19:48Z,-31,2
A01,ff:ff:ff:ff:ff:ff,2024-04-09T19:19:48Z,-73,2
A01,ac9c9ea334b0e7f8d086cc3da6f4b8b70341bad9f979374b16b800016430e78e,2024-04-09T19:19:49Z,-74.4166666666667,24
A01,f773bcd074613d7efb5bcdb2209fc52a194a535e32b64d03c2ad7d270342e496,2024-04-09T19:19:49Z,-77,1
A01,29fe93a6acaa0e91af31ba9fbeb82a112d2ba17accce4e174779933cf448f5f5,2024-04-09T19:19:49Z,-77,1
A01,ac9c9ea334b0e7f8d086cc3da6f4b8b70341bad9f979374b16b800016430e78e,2024-04-09T19:19:50Z,-74.3170731707317,41
A01,dda76e387c977fdbbc65ebab3876e0f1227fb4c0e40f757cfc0870be320ac432,2024-04-09T19:19:50Z,-33,2
A01,f773bcd074613d7efb5bcdb2209fc52a194a535e32b64d03c2ad7d270342e496,2024-04-09T19:19:50Z,-79,2
A01,ac9c9ea334b0e7f8d086cc3da6f4b8b70341bad9f979374b16b800016430e78e,2024-04-09T19:19:51Z,-76.1162790697675,43
A01,dda76e387c977fdbbc65ebab3876e0f1227fb4c0e40f757cfc0870be320ac432,2024-04-09T19:19:51Z,-31,1
A01,f773bcd074613d7efb5bcdb2209fc52a194a535e32b64d03c2ad7d270342e496,2024-04-09T19:19:51Z,-78,4
A01,c59a3c448a7eb61efd5f63f07c8f1bd42a65638278787ab33e25e6853a68cf05,2024-04-09T19:19:51Z,-67,1
A01,ba1f6e61d352f6b70d7a5fa48c0aa16e90147aac583a662ce43879f1252ca3ec,2024-04-09T19:19:51Z,-75,1
A01,c59a3c448a7eb61efd5f63f07c8f1bd42a65638278787ab33e25e6853a68cf05,2024-04-09T19:19:52Z,-62,2
A01,ac9c9ea334b0e7f8d086cc3da6f4b8b70341bad9f979374b16b800016430e78e,2024-04-09T19:19:52Z,-77.5483870967742,62
A01,c507316d9216a7d2101e3fa5b615ee3ad72e6a69f7c601a021b930cd45dcaaeb,2024-04-09T19:19:52Z,-75.4,5
A01,ac9c9ea334b0e7f8d086cc3da6f4b8b70341bad9f979374b16b800016430e78e,2024-04-09T19:19:53Z,-75.3333333333333,48
A01,f773bcd074613d7efb5bcdb2209fc52a194a535e32b64d03c2ad7d270342e496,2024-04-09T19:19:53Z,-77,1
A01,bb882772e19725b55510ae8546547dca4629643d77afde3fc7480e9f13391fc7,2024-04-09T19:19:53Z,-79,1
A01,ac9c9ea334b0e7f8d086cc3da6f4b8b70341bad9f979374b16b800016430e78e,2024-04-09T19:19:54Z,-73.7179487179487,39
A01,5e8dc32b06c7bf66b44eb6426c23daa1316a6b318ed907c4b0ee94dada4b6983,2024-04-09T19:19:54Z,-69,2
A01,4231b032c132f88544dd3911db51c02ec1c5b69384263fbac31877f2ae76e76f,2024-04-09T19:19:54Z,-61,1
A01,22bfd77a8079ab42a42c3dbdea797fa7162d7729dfe454392c6c89fed5d56306,2024-04-09T19:19:54Z,-76,2
A01,22bfd77a8079ab42a42c3dbdea797fa7162d7729dfe454392c6c89fed5d56306,2024-04-09T19:19:55Z,-70.3333333333333,12
A01,4231b032c132f88544dd3911db51c02ec1c5b69384263fbac31877f2ae76e76f,2024-04-09T19:19:55Z,-66.6,5
A01,ac9c9ea334b0e7f8d086cc3da6f4b8b70341bad9f979374b16b800016430e78e,2024-04-09T19:19:55Z,-75.6,30
A01,f773bcd074613d7efb5bcdb2209fc52a194a535e32b64d03c2ad7d270342e496,2024-04-09T19:19:55Z,-78.3333333333333,3
A01,01f37d672ab24e5b1efc9eb702b837b79ed01b5e16a8b956a258f48371d51cf6,2024-04-09T19:19:55Z,-42,2
A01,01f37d672ab24e5b1efc9eb702b837b79ed01b5e16a8b956a258f48371d51cf6,2024-04-09T19:19:56Z,-42,2
A01,ba1f6e61d352f6b70d7a5fa48c0aa16e90147aac583a662ce43879f1252ca3ec,2024-04-09T19:19:56Z,-75,1
A01,5260ce653da62dbb0cd7e5f79d30b66e8beb3d08f90de503190641c8f1085cb8,2024-04-09T19:19:57Z,-79,1
A01,be679491b5f697117cc4b57bf224e4885afa6357ebcc84891b901e9b3d628bdd,2024-04-09T19:19:58Z,-39,1
A01,be679491b5f697117cc4b57bf224e4885afa6357ebcc84891b901e9b3d628bdd,2024-04-09T19:19:59Z,-43,5
